<?xml version="1.0" standalone="yes"?>
<NewDataSet>
  <xs:schema id="NewDataSet" xmlns="" xmlns:xs="http://www.w3.org/2001/XMLSchema" xmlns:msdata="urn:schemas-microsoft-com:xml-msdata">
    <xs:element name="NewDataSet" msdata:IsDataSet="true" msdata:MainDataTable="GiftRecord" msdata:UseCurrentLocale="true">
      <xs:complexType>
        <xs:choice minOccurs="0" maxOccurs="unbounded">
          <xs:element name="GiftRecord">
            <xs:complexType>
              <xs:sequence>
                <xs:element name="GrId" type="xs:string" />
                <xs:element name="Uid" type="xs:string" minOccurs="0" />
                <xs:element name="GrTheme" type="xs:string" minOccurs="0" />
                <xs:element name="GrType" type="xs:int" minOccurs="0" />
                <xs:element name="GrName1" type="xs:string" minOccurs="0" />
                <xs:element name="GrName2" type="xs:string" minOccurs="0" />
                <xs:element name="GrName3" type="xs:string" minOccurs="0" />
                <xs:element name="GrName4" type="xs:string" minOccurs="0" />
                <xs:element name="GrActionTime" type="xs:dateTime" minOccurs="0" />
                <xs:element name="GrDescription" type="xs:string" minOccurs="0" />
                <xs:element name="GrCreateTime" type="xs:dateTime" minOccurs="0" />
                <xs:element name="GrRemark" type="xs:string" minOccurs="0" />
                <xs:element name="Spare1" type="xs:string" minOccurs="0" />
                <xs:element name="Spare2" type="xs:string" minOccurs="0" />
                <xs:element name="Spare3" type="xs:string" minOccurs="0" />
                <xs:element name="Theme" type="xs:string" minOccurs="0" />
                <xs:element name="Type" type="xs:int" minOccurs="0" />
                <xs:element name="Name1" type="xs:string" minOccurs="0" />
                <xs:element name="Name2" type="xs:string" minOccurs="0" />
                <xs:element name="Name3" type="xs:string" minOccurs="0" />
                <xs:element name="Name4" type="xs:string" minOccurs="0" />
                <xs:element name="ActionTime" type="xs:dateTime" minOccurs="0" />
                <xs:element name="Describe" type="xs:string" minOccurs="0" />
                <xs:element name="CreateTime" type="xs:dateTime" minOccurs="0" />
                <xs:element name="Remark" type="xs:string" minOccurs="0" />
              </xs:sequence>
            </xs:complexType>
          </xs:element>
        </xs:choice>
      </xs:complexType>
    </xs:element>
  </xs:schema>
</NewDataSet>