<?xml version="1.0" standalone="yes"?>
<NewDataSet>
  <xs:schema id="NewDataSet" xmlns="" xmlns:xs="http://www.w3.org/2001/XMLSchema" xmlns:msdata="urn:schemas-microsoft-com:xml-msdata">
    <xs:element name="NewDataSet" msdata:IsDataSet="true" msdata:MainDataTable="GistSync" msdata:UseCurrentLocale="true">
      <xs:complexType>
        <xs:choice minOccurs="0" maxOccurs="unbounded">
          <xs:element name="GistSync">
            <xs:complexType>
              <xs:sequence>
                <xs:element name="GistCode" type="xs:string" />
                <xs:element name="GistFilename" type="xs:string" minOccurs="0" />
                <xs:element name="Uid" type="xs:int" minOccurs="0" />
                <xs:element name="GsGitHubId" type="xs:string" minOccurs="0" />
                <xs:element name="GsGitHubTime" type="xs:dateTime" minOccurs="0" />
                <xs:element name="GsGiteeId" type="xs:string" minOccurs="0" />
                <xs:element name="GsGiteeTime" type="xs:dateTime" minOccurs="0" />
                <xs:element name="Spare1" type="xs:string" minOccurs="0" />
                <xs:element name="Spare2" type="xs:string" minOccurs="0" />
                <xs:element name="Spare3" type="xs:string" minOccurs="0" />
              </xs:sequence>
            </xs:complexType>
          </xs:element>
        </xs:choice>
      </xs:complexType>
    </xs:element>
  </xs:schema>
  <GistSync>
    <GistCode>5373307231488995367</GistCode>
    <GistFilename>cat-name</GistFilename>
    <Uid>1</Uid>
    <GsGitHubId>4e3e4af2b92e44cac5917ea72263da43</GsGitHubId>
    <GsGitHubTime>2020-09-04T13:04:10+08:00</GsGitHubTime>
    <GsGiteeId>kz3fx4ycejul5gw2a96h114</GsGiteeId>
    <GsGiteeTime>2020-09-04T13:04:10+08:00</GsGiteeTime>
  </GistSync>
</NewDataSet>