<?xml version="1.0" standalone="yes"?>
<NewDataSet>
  <xs:schema id="NewDataSet" xmlns="" xmlns:xs="http://www.w3.org/2001/XMLSchema" xmlns:msdata="urn:schemas-microsoft-com:xml-msdata">
    <xs:element name="NewDataSet" msdata:IsDataSet="true" msdata:MainDataTable="KeyValues" msdata:UseCurrentLocale="true">
      <xs:complexType>
        <xs:choice minOccurs="0" maxOccurs="unbounded">
          <xs:element name="KeyValues">
            <xs:complexType>
              <xs:sequence>
                <xs:element name="KeyId" type="xs:string" />
                <xs:element name="KeyName" type="xs:string" minOccurs="0" />
                <xs:element name="KeyValue" type="xs:string" minOccurs="0" />
                <xs:element name="KeyRemark" type="xs:string" minOccurs="0" />
                <xs:element name="Spare1" type="xs:string" minOccurs="0" />
                <xs:element name="Spare2" type="xs:string" minOccurs="0" />
                <xs:element name="Spare3" type="xs:string" minOccurs="0" />
              </xs:sequence>
            </xs:complexType>
          </xs:element>
        </xs:choice>
      </xs:complexType>
    </xs:element>
  </xs:schema>
  <KeyValues>
    <KeyId>257fbc23-468a-42d1-aea0-b276d11c7b6e</KeyId>
    <KeyName>browser</KeyName>
    <KeyValue>{"id":7718,"subLemmaId":7718,"newLemmaId":"213911","key":"browser","desc":"\u6d4f\u89c8\u5668","title":"\u6d4f\u89c8\u5668","card":[{"key":"m25_nameC","name":"\u4e2d\u6587\u540d","value":["\u6d4f\u89c8\u5668"],"format":["\u6d4f\u89c8\u5668"]},{"key":"m25_nameE","name":"\u5916\u6587\u540d","value":["Web browser"],"format":["Web browser"]},{"key":"m25_ext_0","name":"\u521b\u59cb\u4eba","value":["\u8482\u59c6\u00b7\u4f2f\u7eb3\u65af-\u674e"],"format":["\u8482\u59c6\u00b7\u4f2f\u7eb3\u65af-\u674e"]},{"key":"m25_ext_1","name":"\u9996\u4e2a\u6d4f\u89c8\u5668","value":["WorldWideWeb"],"format":["WorldWideWeb"]},{"key":"m25_ext_2","name":"\u521b\u7acb\u65f6\u95f4","value":["1990"],"format":["1990"]},{"key":"m25_ext_3","name":"\u8457\u540d\u4ee3\u8868","value":["Chrome\u3001Safari\u3001Firefox&amp;nbsp;\u7b49"],"format":["Chrome\u3001Safari\u3001Firefox&amp;nbsp;\u7b49"]}],"image":"https:\/\/gss3.bdstatic.com\/-Po3dSag_xI4khGkpoWK1HF6hhy\/baike\/pic\/item\/4b90f603738da977723b095eb251f8198618e3ab.jpg","src":"4b90f603738da977723b095eb251f8198618e3ab","imageHeight":739,"imageWidth":1024,"isSummaryPic":"y","abstract":"\u7f51\u9875\u6d4f\u89c8\u5668\uff08\u82f1\u8bed\uff1aweb browser\uff09\uff0c\u5e38\u88ab\u7b80\u79f0\u4e3a\u6d4f\u89c8\u5668\uff0c\u662f\u4e00\u79cd\u7528\u4e8e\u68c0\u7d22\u5e76\u5c55\u793a\u4e07\u7ef4\u7f51\u4fe1\u606f\u8d44\u6e90\u7684\u5e94\u7528\u7a0b\u5e8f\u3002\u8fd9\u4e9b\u4fe1\u606f\u8d44\u6e90\u53ef\u4e3a\u7f51\u9875\u3001\u56fe\u7247\u3001\u5f71\u97f3\u6216\u5176\u4ed6\u5185\u5bb9\uff0c\u5b83\u4eec\u7531\u7edf\u4e00\u8d44\u6e90\u6807\u5fd7\u7b26\u6807\u5fd7\u3002\u4fe1\u606f\u8d44\u6e90\u4e2d\u7684\u8d85\u94fe\u63a5\u53ef\u4f7f\u7528\u6237\u65b9\u4fbf\u5730\u6d4f\u89c8\u76f8\u5173\u4fe1\u606f\u3002\u7f51\u9875\u6d4f\u89c8\u5668\u867d\u7136\u4e3b\u8981\u7528\u4e8e\u4f7f\u7528\u4e07\u7ef4\u7f51\uff0c\u4f46\u4e5f\u53ef\u7528\u4e8e\u83b7\u53d6\u4e13\u7528\u7f51\u7edc\u4e2d\u7f51\u9875\u670d\u52a1\u5668\u4e4b\u4fe1\u606f\u6216\u6587\u4ef6\u7cfb\u7edf\u5185\u4e4b\u6587\u4ef6\u3002\u4e3b\u6d41\u7f51\u9875\u6d4f\u89c8\u5668\u6709Mozilla Firefox\u3001Internet Explorer\u3001Microsoft Edge\u3001Google Chrome\u3001Opera\u53caSafari\u3002","moduleIds":[205016227,205016228,205016229,205016230,205016231,205016232],"url":"http:\/\/baike.baidu.com\/view\/7718.htm","wapUrl":"http:\/\/wapbaike.baidu.com\/item\/%E6%B5%8F%E8%A7%88%E5%99%A8\/213911","hasOther":0,"catalog":["&lt;a href='http:\/\/baike.baidu.com\/view\/7718.htm#1'&gt;\u53d1\u5c55\u5386\u7a0b&lt;\/a&gt;","&lt;a href='http:\/\/baike.baidu.com\/view\/7718.htm#2'&gt;\u7c7b\u522b&lt;\/a&gt;","&lt;a href='http:\/\/baike.baidu.com\/view\/7718.htm#3'&gt;\u7279\u70b9&lt;\/a&gt;"],"wapCatalog":["&lt;a href='http:\/\/wapbaike.baidu.com\/item\/%E6%B5%8F%E8%A7%88%E5%99%A8\/213911#1'&gt;\u53d1\u5c55\u5386\u7a0b&lt;\/a&gt;","&lt;a href='http:\/\/wapbaike.baidu.com\/item\/%E6%B5%8F%E8%A7%88%E5%99%A8\/213911#2'&gt;\u7c7b\u522b&lt;\/a&gt;","&lt;a href='http:\/\/wapbaike.baidu.com\/item\/%E6%B5%8F%E8%A7%88%E5%99%A8\/213911#3'&gt;\u7279\u70b9&lt;\/a&gt;"],"logo":"https:\/\/gss0.baidu.com\/70cFsjip0QIZ8tyhnq\/img\/baike\/logo-baike.gif","copyrights":"\u4ee5\u4e0a\u5185\u5bb9\u6765\u81ea\u767e\u5ea6\u767e\u79d1\u5e73\u53f0\uff0c\u7531\u767e\u5ea6\u767e\u79d1\u7f51\u53cb\u521b\u4f5c\u3002","customImg":"","redirect":{"from":"browser","to":"\u6d4f\u89c8\u5668"}}</KeyValue>
  </KeyValues>
  <KeyValues>
    <KeyId>dd6f40a9-9dac-4a40-8fbd-0345da0b5a1c</KeyId>
    <KeyName>https</KeyName>
    <KeyValue>{"id":14121,"subLemmaId":14121,"newLemmaId":285356,"key":"https","desc":"https","title":"https","card":[{"key":"m25_nameC","name":"\u4e2d\u6587\u540d","value":["\u8d85\u6587\u672c\u4f20\u8f93\u5b89\u5168\u534f\u8bae"],"format":["\u8d85\u6587\u672c\u4f20\u8f93\u5b89\u5168\u534f\u8bae"]},{"key":"m25_nameE","name":"\u5916\u6587\u540d","value":["HTTPS"],"format":["HTTPS"]},{"key":"m25_ext_0","name":"\u76ee\u6807","value":["\u5b89\u5168"],"format":["\u5b89\u5168"]},{"key":"m25_ext_1","name":"\u5e94\u7528","value":["\u5b89\u5168\u6570\u636e\u4f20\u8f93"],"format":["\u5b89\u5168\u6570\u636e\u4f20\u8f93"]}],"image":"https:\/\/gss2.bdstatic.com\/-fo3dSag_xI4khGkpoWK1HF6hhy\/baike\/pic\/item\/cefc1e178a82b90104b542f1728da9773812efdc.jpg","src":"cefc1e178a82b90104b542f1728da9773812efdc","imageHeight":420,"imageWidth":610,"isSummaryPic":"y","abstract":"HTTPS\uff08\u5168\u79f0\uff1aHyper Text Transfer Protocol over Secure Socket Layer \u6216 Hypertext Transfer Protocol Secure\uff0c\u8d85\u6587\u672c\u4f20\u8f93\u5b89\u5168\u534f\u8bae\uff09\uff0c\u662f\u4ee5\u5b89\u5168\u4e3a\u76ee\u6807\u7684HTTP\u901a\u9053\uff0c\u7b80\u5355\u8bb2\u662fHTTP\u7684\u5b89\u5168\u7248\u3002\u5373HTTP\u4e0b\u52a0\u5165SSL\u5c42\uff0cHTTPS\u7684\u5b89\u5168\u57fa\u7840\u662fSSL\uff0c\u56e0\u6b64\u52a0\u5bc6\u7684\u8be6\u7ec6\u5185\u5bb9\u5c31\u9700\u8981SSL\u3002 \u5b83\u662f\u4e00\u4e2aURI scheme\uff08\u62bd\u8c61\u6807\u8bc6\u7b26\u4f53\u7cfb\uff09\uff0c\u53e5\u6cd5\u7c7b\u540chttp:\u4f53\u7cfb\u3002\u7528\u4e8e\u5b89\u5168\u7684HTTP\u6570\u636e\u4f20\u8f93\u3002https:URL\u8868\u660e\u5b83\u4f7f\u7528\u4e86HTTP\uff0c\u4f46HTTPS\u5b58\u5728\u4e0d\u540c\u4e8eHTTP\u7684\u9ed8\u8ba4\u7aef\u53e3\u53ca\u4e00\u4e2a\u52a0\u5bc6\/\u8eab\u4efd\u9a8c\u8bc1\u5c42\uff08\u5728HTTP\u4e0eTCP\u4e4b\u95f4\uff09\u3002\u8fd9\u4e2a\u7cfb\u7edf\u7684\u6700\u521d\u7814\u53d1\u7531\u7f51\u666f\u516c\u53f8(Netscape)\u8fdb\u884c\uff0c\u5e76\u5185\u7f6e\u4e8e\u5176\u6d4f\u89c8\u5668Netscape Navigator\u4e2d\uff0c\u63d0\u4f9b\u4e86\u8eab\u4efd\u9a8c\u8bc1\u4e0e\u52a0\u5bc6\u901a\u8baf\u65b9\u6cd5\u3002\u73b0\u5728\u5b83\u88ab\u5e7f\u6cdb\u7528\u4e8e\u4e07\u7ef4\u7f51\u4e0a\u5b89\u5168\u654f\u611f\u7684\u901a\u8baf\uff0c\u4f8b\u5982\u4ea4\u6613\u652f\u4ed8\u65b9\u9762\u3002","moduleIds":[],"url":"http:\/\/baike.baidu.com\/view\/14121.htm","wapUrl":"http:\/\/wapbaike.baidu.com\/item\/https\/285356","hasOther":0,"catalog":["&lt;a href='http:\/\/baike.baidu.com\/view\/14121.htm#1'&gt;\u5386\u53f2&lt;\/a&gt;","&lt;a href='http:\/\/baike.baidu.com\/view\/14121.htm#2'&gt;\u533a\u522b&lt;\/a&gt;","&lt;a href='http:\/\/baike.baidu.com\/view\/14121.htm#3'&gt;\u89e3\u51b3\u95ee\u9898&lt;\/a&gt;","&lt;a href='http:\/\/baike.baidu.com\/view\/14121.htm#4'&gt;\u9650\u5236&lt;\/a&gt;"],"wapCatalog":["&lt;a href='http:\/\/wapbaike.baidu.com\/item\/https\/285356#1'&gt;\u5386\u53f2&lt;\/a&gt;","&lt;a href='http:\/\/wapbaike.baidu.com\/item\/https\/285356#2'&gt;\u533a\u522b&lt;\/a&gt;","&lt;a href='http:\/\/wapbaike.baidu.com\/item\/https\/285356#3'&gt;\u89e3\u51b3\u95ee\u9898&lt;\/a&gt;","&lt;a href='http:\/\/wapbaike.baidu.com\/item\/https\/285356#4'&gt;\u9650\u5236&lt;\/a&gt;"],"logo":"https:\/\/gss0.baidu.com\/70cFsjip0QIZ8tyhnq\/img\/baike\/logo-baike.gif","copyrights":"\u4ee5\u4e0a\u5185\u5bb9\u6765\u81ea\u767e\u5ea6\u767e\u79d1\u5e73\u53f0\uff0c\u7531\u767e\u5ea6\u767e\u79d1\u7f51\u53cb\u521b\u4f5c\u3002","customImg":"","redirect":[]}</KeyValue>
  </KeyValues>
</NewDataSet>