<?xml version="1.0" standalone="yes"?>
<NewDataSet>
  <xs:schema id="NewDataSet" xmlns="" xmlns:xs="http://www.w3.org/2001/XMLSchema" xmlns:msdata="urn:schemas-microsoft-com:xml-msdata">
    <xs:element name="NewDataSet" msdata:IsDataSet="true" msdata:MainDataTable="KeyValueSynonym" msdata:UseCurrentLocale="true">
      <xs:complexType>
        <xs:choice minOccurs="0" maxOccurs="unbounded">
          <xs:element name="KeyValueSynonym">
            <xs:complexType>
              <xs:sequence>
                <xs:element name="KsId" type="xs:string" />
                <xs:element name="KeyName" type="xs:string" minOccurs="0" />
                <xs:element name="KsName" type="xs:string" minOccurs="0" />
                <xs:element name="Spare1" type="xs:string" minOccurs="0" />
                <xs:element name="Spare2" type="xs:string" minOccurs="0" />
                <xs:element name="Spare3" type="xs:string" minOccurs="0" />
              </xs:sequence>
            </xs:complexType>
          </xs:element>
        </xs:choice>
      </xs:complexType>
    </xs:element>
  </xs:schema>
</NewDataSet>