<?xml version="1.0" standalone="yes"?>
<NewDataSet>
  <xs:schema id="NewDataSet" xmlns="" xmlns:xs="http://www.w3.org/2001/XMLSchema" xmlns:msdata="urn:schemas-microsoft-com:xml-msdata">
    <xs:element name="NewDataSet" msdata:IsDataSet="true" msdata:MainDataTable="Tags" msdata:UseCurrentLocale="true">
      <xs:complexType>
        <xs:choice minOccurs="0" maxOccurs="unbounded">
          <xs:element name="Tags">
            <xs:complexType>
              <xs:sequence>
                <xs:element name="TagId" msdata:AutoIncrement="true" type="xs:int" />
                <xs:element name="TagName" type="xs:string" minOccurs="0" />
                <xs:element name="TagCode" type="xs:string" minOccurs="0" />
                <xs:element name="TagIcon" type="xs:string" minOccurs="0" />
                <xs:element name="TagPid" type="xs:int" minOccurs="0" />
                <xs:element name="TagOwner" type="xs:int" minOccurs="0" />
                <xs:element name="TagOrder" type="xs:int" minOccurs="0" />
                <xs:element name="TagStatus" type="xs:int" minOccurs="0" />
                <xs:element name="TagHot" type="xs:int" minOccurs="0" />
                <xs:element name="Spare1" type="xs:string" minOccurs="0" />
                <xs:element name="Spare2" type="xs:string" minOccurs="0" />
                <xs:element name="Spare3" type="xs:string" minOccurs="0" />
              </xs:sequence>
            </xs:complexType>
          </xs:element>
        </xs:choice>
      </xs:complexType>
    </xs:element>
  </xs:schema>
  <Tags>
    <TagId>96</TagId>
    <TagName>browser</TagName>
    <TagCode>browser</TagCode>
    <TagIcon>browser.svg</TagIcon>
    <TagStatus>1</TagStatus>
    <TagHot>2</TagHot>
    <Spare1 />
    <Spare2 />
    <Spare3 />
  </Tags>
  <Tags>
    <TagId>58</TagId>
    <TagName>https</TagName>
    <TagCode>https</TagCode>
    <TagIcon>https.svg</TagIcon>
    <TagStatus>1</TagStatus>
    <TagHot>0</TagHot>
    <Spare1 />
    <Spare2 />
    <Spare3 />
  </Tags>
</NewDataSet>