<?xml version="1.0" standalone="yes"?>
<NewDataSet>
  <xs:schema id="NewDataSet" xmlns="" xmlns:xs="http://www.w3.org/2001/XMLSchema" xmlns:msdata="urn:schemas-microsoft-com:xml-msdata">
    <xs:element name="NewDataSet" msdata:IsDataSet="true" msdata:MainDataTable="UserInfo" msdata:UseCurrentLocale="true">
      <xs:complexType>
        <xs:choice minOccurs="0" maxOccurs="unbounded">
          <xs:element name="UserInfo">
            <xs:complexType>
              <xs:sequence>
                <xs:element name="UserId" msdata:AutoIncrement="true" type="xs:int" />
                <xs:element name="UserName" type="xs:string" minOccurs="0" />
                <xs:element name="UserNameChange" type="xs:int" minOccurs="0" />
                <xs:element name="UserPwd" type="xs:string" minOccurs="0" />
                <xs:element name="OpenId1" type="xs:string" minOccurs="0" />
                <xs:element name="OpenId2" type="xs:string" minOccurs="0" />
                <xs:element name="OpenId3" type="xs:string" minOccurs="0" />
                <xs:element name="OpenId4" type="xs:string" minOccurs="0" />
                <xs:element name="OpenId5" type="xs:string" minOccurs="0" />
                <xs:element name="OpenId6" type="xs:string" minOccurs="0" />
                <xs:element name="OpenId7" type="xs:string" minOccurs="0" />
                <xs:element name="OpenId8" type="xs:string" minOccurs="0" />
                <xs:element name="OpenId9" type="xs:string" minOccurs="0" />
                <xs:element name="UserCreateTime" type="xs:dateTime" minOccurs="0" />
                <xs:element name="UserLoginTime" type="xs:dateTime" minOccurs="0" />
                <xs:element name="UserAddTime" type="xs:dateTime" minOccurs="0" />
                <xs:element name="LoginLimit" type="xs:int" minOccurs="0" />
                <xs:element name="UserSign" type="xs:string" minOccurs="0" />
                <xs:element name="Nickname" type="xs:string" minOccurs="0" />
                <xs:element name="UserPhoto" type="xs:string" minOccurs="0" />
                <xs:element name="UserSex" type="xs:int" minOccurs="0" />
                <xs:element name="UserBirthday" type="xs:dateTime" minOccurs="0" />
                <xs:element name="UserPhone" type="xs:string" minOccurs="0" />
                <xs:element name="UserMail" type="xs:string" minOccurs="0" />
                <xs:element name="UserMailValid" type="xs:int" minOccurs="0" />
                <xs:element name="UserUrl" type="xs:string" minOccurs="0" />
                <xs:element name="UserSay" type="xs:string" minOccurs="0" />
                <xs:element name="Spare1" type="xs:string" minOccurs="0" />
                <xs:element name="Spare2" type="xs:string" minOccurs="0" />
                <xs:element name="Spare3" type="xs:string" minOccurs="0" />
              </xs:sequence>
            </xs:complexType>
          </xs:element>
        </xs:choice>
      </xs:complexType>
    </xs:element>
  </xs:schema>
  <UserInfo>
    <UserId>1</UserId>
    <UserName>netnr</UserName>
    <UserPwd>e10adc3949ba59abbe56e057f20f883e</UserPwd>
    <UserCreateTime>2021-10-08T11:09:09.263+08:00</UserCreateTime>
  </UserInfo>
</NewDataSet>