<?xml version="1.0" standalone="yes"?>
<NewDataSet>
  <xs:schema id="NewDataSet" xmlns="" xmlns:xs="http://www.w3.org/2001/XMLSchema" xmlns:msdata="urn:schemas-microsoft-com:xml-msdata">
    <xs:element name="NewDataSet" msdata:IsDataSet="true" msdata:MainDataTable="UserReply" msdata:UseCurrentLocale="true">
      <xs:complexType>
        <xs:choice minOccurs="0" maxOccurs="unbounded">
          <xs:element name="UserReply">
            <xs:complexType>
              <xs:sequence>
                <xs:element name="UrId" msdata:AutoIncrement="true" type="xs:int" />
                <xs:element name="Uid" type="xs:int" minOccurs="0" />
                <xs:element name="UrAnonymousName" type="xs:string" minOccurs="0" />
                <xs:element name="UrAnonymousLink" type="xs:string" minOccurs="0" />
                <xs:element name="UrAnonymousMail" type="xs:string" minOccurs="0" />
                <xs:element name="UrTargetType" type="xs:string" minOccurs="0" />
                <xs:element name="UrTargetId" type="xs:string" minOccurs="0" />
                <xs:element name="UrContent" type="xs:string" minOccurs="0" />
                <xs:element name="UrContentMd" type="xs:string" minOccurs="0" />
                <xs:element name="UrCreateTime" type="xs:dateTime" minOccurs="0" />
                <xs:element name="UrStatus" type="xs:int" minOccurs="0" />
                <xs:element name="UrTargetPid" type="xs:int" minOccurs="0" />
                <xs:element name="Spare1" type="xs:string" minOccurs="0" />
                <xs:element name="Spare2" type="xs:string" minOccurs="0" />
                <xs:element name="Spare3" type="xs:string" minOccurs="0" />
              </xs:sequence>
            </xs:complexType>
          </xs:element>
        </xs:choice>
      </xs:complexType>
    </xs:element>
  </xs:schema>
  <UserReply>
    <UrId>59</UrId>
    <Uid>0</Uid>
    <UrAnonymousName>netnr</UrAnonymousName>
    <UrAnonymousLink>https://zme.ink</UrAnonymousLink>
    <UrAnonymousMail>netnr@netnr.com</UrAnonymousMail>
    <UrTargetType>UserWriting</UrTargetType>
    <UrTargetId>117</UrTargetId>
    <UrContent>&lt;p&gt;不用登录，支持匿名留言啦&lt;/p&gt;
</UrContent>
    <UrContentMd>不用登录，支持匿名留言啦</UrContentMd>
    <UrCreateTime>2019-06-27T17:19:04+08:00</UrCreateTime>
    <UrStatus>1</UrStatus>
    <UrTargetPid>0</UrTargetPid>
  </UserReply>
  <UserReply>
    <UrId>1119</UrId>
    <Uid>0</Uid>
    <UrAnonymousName>ff</UrAnonymousName>
    <UrAnonymousMail>ff</UrAnonymousMail>
    <UrTargetType>UserWriting</UrTargetType>
    <UrTargetId>117</UrTargetId>
    <UrContent>&lt;p&gt;是的发送到发&lt;/p&gt;
</UrContent>
    <UrContentMd>是的发送到发</UrContentMd>
    <UrCreateTime>2019-12-24T15:16:18+08:00</UrCreateTime>
    <UrStatus>2</UrStatus>
    <UrTargetPid>0</UrTargetPid>
  </UserReply>
  <UserReply>
    <UrId>1155</UrId>
    <Uid>1</Uid>
    <UrTargetType>UserWriting</UrTargetType>
    <UrTargetId>117</UrTargetId>
    <UrContent>&lt;p&gt;已关闭匿名回复&lt;/p&gt;
</UrContent>
    <UrContentMd>已关闭匿名回复</UrContentMd>
    <UrCreateTime>2021-01-24T07:20:06+08:00</UrCreateTime>
    <UrStatus>1</UrStatus>
    <UrTargetPid>0</UrTargetPid>
  </UserReply>
</NewDataSet>