<?xml version="1.0" standalone="yes"?>
<NewDataSet>
  <xs:schema id="NewDataSet" xmlns="" xmlns:xs="http://www.w3.org/2001/XMLSchema" xmlns:msdata="urn:schemas-microsoft-com:xml-msdata">
    <xs:element name="NewDataSet" msdata:IsDataSet="true" msdata:MainDataTable="UserMessage" msdata:UseCurrentLocale="true">
      <xs:complexType>
        <xs:choice minOccurs="0" maxOccurs="unbounded">
          <xs:element name="UserMessage">
            <xs:complexType>
              <xs:sequence>
                <xs:element name="UmId" type="xs:string" />
                <xs:element name="Uid" type="xs:int" minOccurs="0" />
                <xs:element name="UmTriggerUid" type="xs:int" minOccurs="0" />
                <xs:element name="UmType" type="xs:string" minOccurs="0" />
                <xs:element name="UmTargetId" type="xs:string" minOccurs="0" />
                <xs:element name="UmTargetIndex" type="xs:int" minOccurs="0" />
                <xs:element name="UmAction" type="xs:int" minOccurs="0" />
                <xs:element name="UmContent" type="xs:string" minOccurs="0" />
                <xs:element name="UmCreateTime" type="xs:dateTime" minOccurs="0" />
                <xs:element name="UmStatus" type="xs:int" minOccurs="0" />
                <xs:element name="Spare1" type="xs:string" minOccurs="0" />
                <xs:element name="Spare2" type="xs:string" minOccurs="0" />
                <xs:element name="Spare3" type="xs:string" minOccurs="0" />
              </xs:sequence>
            </xs:complexType>
          </xs:element>
        </xs:choice>
      </xs:complexType>
    </xs:element>
  </xs:schema>
</NewDataSet>