<?xml version="1.0" standalone="yes"?>
<NewDataSet>
  <xs:schema id="NewDataSet" xmlns="" xmlns:xs="http://www.w3.org/2001/XMLSchema" xmlns:msdata="urn:schemas-microsoft-com:xml-msdata">
    <xs:element name="NewDataSet" msdata:IsDataSet="true" msdata:MainDataTable="UserWriting" msdata:UseCurrentLocale="true">
      <xs:complexType>
        <xs:choice minOccurs="0" maxOccurs="unbounded">
          <xs:element name="UserWriting">
            <xs:complexType>
              <xs:sequence>
                <xs:element name="UwId" msdata:AutoIncrement="true" type="xs:int" />
                <xs:element name="Uid" type="xs:int" minOccurs="0" />
                <xs:element name="UwCategory" type="xs:int" minOccurs="0" />
                <xs:element name="UwTitle" type="xs:string" minOccurs="0" />
                <xs:element name="UwContent" type="xs:string" minOccurs="0" />
                <xs:element name="UwContentMd" type="xs:string" minOccurs="0" />
                <xs:element name="UwCreateTime" type="xs:dateTime" minOccurs="0" />
                <xs:element name="UwUpdateTime" type="xs:dateTime" minOccurs="0" />
                <xs:element name="UwLastUid" type="xs:int" minOccurs="0" />
                <xs:element name="UwLastDate" type="xs:dateTime" minOccurs="0" />
                <xs:element name="UwReplyNum" type="xs:int" minOccurs="0" />
                <xs:element name="UwReadNum" type="xs:int" minOccurs="0" />
                <xs:element name="UwOpen" type="xs:int" minOccurs="0" />
                <xs:element name="UwLaud" type="xs:int" minOccurs="0" />
                <xs:element name="UwMark" type="xs:int" minOccurs="0" />
                <xs:element name="UwStatus" type="xs:int" minOccurs="0" />
                <xs:element name="Spare1" type="xs:string" minOccurs="0" />
                <xs:element name="Spare2" type="xs:string" minOccurs="0" />
                <xs:element name="Spare3" type="xs:string" minOccurs="0" />
              </xs:sequence>
            </xs:complexType>
          </xs:element>
        </xs:choice>
      </xs:complexType>
    </xs:element>
  </xs:schema>
  <UserWriting>
    <UwId>117</UwId>
    <Uid>1</Uid>
    <UwCategory>0</UwCategory>
    <UwTitle>删除Chrome和Firefox的HSTS，不再强制跳转HTTPS</UwTitle>
    <UwContent>&lt;h3&gt;HSTS是什么&lt;/h3&gt;
&lt;p&gt;自己的理解：&lt;strong&gt;设置一个网站在指定时间内，所有的HTTP强制跳转HTTPS请求&lt;/strong&gt; &lt;/p&gt;
&lt;p&gt;浏览器本地会记录，如果不清除记录，那么始终会以https访问&lt;/p&gt;
&lt;h3&gt;有什么问题&lt;/h3&gt;
&lt;p&gt;如果一个站点设置了HSTS，后面不再支持HTTPS只支持HTTP访问，就需要删除HSTS&lt;/p&gt;
&lt;h3&gt;删除HSTS&lt;/h3&gt;
&lt;ul&gt;
&lt;li&gt;Chrome 或 谷歌内核的浏览器&lt;br&gt;打开 &lt;code&gt;chrome://net-internals/#hsts&lt;/code&gt;&lt;br&gt;&lt;strong&gt;Delete domain security policies&lt;/strong&gt; 输入域名 点击  &lt;strong&gt;Delete&lt;/strong&gt;  按钮&lt;/li&gt;
&lt;li&gt;Firefox&lt;br&gt;打开 &lt;code&gt;about:support&lt;/code&gt;&lt;br&gt;配置文件夹， &lt;strong&gt;打开文件夹&lt;/strong&gt; 找到  &lt;strong&gt;SiteSecurityServiceState.txt&lt;/strong&gt; 记事本&lt;br&gt;搜索域名，删除对应的一行记录&lt;/li&gt;
&lt;/ul&gt;
</UwContent>
    <UwContentMd>### HSTS是什么
自己的理解：**设置一个网站在指定时间内，所有的HTTP强制跳转HTTPS请求** 

浏览器本地会记录，如果不清除记录，那么始终会以https访问

### 有什么问题
如果一个站点设置了HSTS，后面不再支持HTTPS只支持HTTP访问，就需要删除HSTS

### 删除HSTS
- Chrome 或 谷歌内核的浏览器  
  打开 `chrome://net-internals/#hsts`  
  **Delete domain security policies** 输入域名 点击  **Delete**  按钮
- Firefox  
  打开 `about:support`  
  配置文件夹， **打开文件夹** 找到  **SiteSecurityServiceState.txt** 记事本  
  搜索域名，删除对应的一行记录</UwContentMd>
    <UwCreateTime>2019-05-05T17:26:09+08:00</UwCreateTime>
    <UwUpdateTime>2019-10-31T06:47:15+08:00</UwUpdateTime>
    <UwLastUid>1</UwLastUid>
    <UwLastDate>2021-01-24T07:20:06+08:00</UwLastDate>
    <UwReplyNum>3</UwReplyNum>
    <UwReadNum>1660</UwReadNum>
    <UwOpen>1</UwOpen>
    <UwLaud>0</UwLaud>
    <UwMark>0</UwMark>
    <UwStatus>1</UwStatus>
  </UserWriting>
</NewDataSet>